id	image
0	1. 1264719_m.jpg
1	10. 70007019803018082300100.jpg
2	11. u00024505796_002l.jpg
3	12. uz0025625961_001l.jpg
4	13. u00025297187_001l.jpg
5	14. 70009005263018080300100.jpg
6	15. 70001030863018061200100.jpg
7	16. u00025692323_001l.jpg
8	17. 70009000303016030600100.jpg
9	18. 96201804190116114500600.jpg
10	19. 2791635_mdl_d4a7291c.jpg
11	2. p3.jpg
12	20. 70009101743018061200200.jpg
13	3. p4.jpg
14	4. p2.jpg
15	5. p1.jpg
16	6. 201111220824009a5.jpg
17	7. efbdb1efbdb8efbdb12-9edd9.jpg
18	8. dsc09623.jpg
19	9. 70013001563018081800200.jpg
